<?xml version="1.0" encoding="UTF-8"?>  
<beans  
    xmlns="http://www.springframework.org/schema/beans"  
    xmlns:xsi="http://www.w3.org/2001/XMLSchema-instance"  
    xmlns:p="http://www.springframework.org/schema/p"  
    xsi:schemaLocation="http://www.springframework.org/schema/beans  
               http://www.springframework.org/schema/beans/spring-beans-3.0.xsd">  
  
<bean id="carloc" class="com.gabriel.mvc.shapesfx.Location">  
<property name="x" value="100"></property>  
<property name="y" value="100"></property>  
</bean>  
<bean id="bodyloc" class="com.gabriel.mvc.shapesfx.Location">  
<property name="x" value="100"></property>  
<property name="y" value="100"></property>  
</bean>  
<bean id="frontwheelloc" class="com.gabriel.mvc.shapesfx.Location">  
<property name="x" value="175"></property>  
<property name="y" value="150"></property>  
</bean>  
<bean id="backwheelloc" class="com.gabriel.mvc.shapesfx.Location">  
<property name="x" value="125"></property>  
<property name="y" value="150"></property>  
</bean>  
<bean id="carbody" class="com.gabriel.mvc.shapeimpl.CarBody">  
<property name="location" ref="bodyloc"></property>  
<property name="length" value="50"></property>  
<property name="width" value="100"></property>  
</bean>  
<bean id="frontwheel" class="com.gabriel.mvc.shapeimpl.Wheel">  
<property name="location" ref="frontwheelloc"></property>  
<property name="radius" value="50"></property>    
</bean>  
<bean id="backwheel" class="com.gabriel.mvc.shapeimpl.Wheel">  
<property name="location" ref="backwheelloc"></property>  
<property name="radius" value="50"></property>    
</bean>  
<bean id="car" class="com.gabriel.mvc.shapeimpl.Car">  
<property name="location" ref="carloc"></property>
<property name="frontWheel" ref="frontwheel"></property>
<property name="backWheel" ref="backwheel"></property>  
<property name="body" ref="carbody"></property>  
</bean>  
  
</beans>  